participant,condition,type,item,order,success,time_s,clicks,score,note
P01,A,task,T1,3,1,55.3,7,,
P01,A,task,T2,4,0,41.3,11,,
P01,A,task,T3,5,1,35.8,6,,
P01,A,task,T4,1,1,43.9,6,,
P01,A,task,T5,2,1,54.1,14,,
P01,A,sus,Q1,,,,,3,
P01,A,sus,Q2,,,,,3,
P01,A,sus,Q3,,,,,3,
P01,A,sus,Q4,,,,,2,
P01,A,sus,Q5,,,,,3,
P01,A,sus,Q6,,,,,2,
P01,A,sus,Q7,,,,,2,
P01,A,sus,Q8,,,,,3,
P01,A,sus,Q9,,,,,5,
P01,A,sus,Q10,,,,,2,
P02,B,task,T1,4,1,30.5,6,,
P02,B,task,T2,5,1,32.6,7,,
P02,B,task,T3,3,1,46.7,9,,
P02,B,task,T4,2,1,23.4,6,,
P02,B,task,T5,1,0,28.3,3,,
P02,B,sus,Q1,,,,,5,
P02,B,sus,Q2,,,,,5,
P02,B,sus,Q3,,,,,3,
P02,B,sus,Q4,,,,,3,
P02,B,sus,Q5,,,,,5,
P02,B,sus,Q6,,,,,4,
P02,B,sus,Q7,,,,,5,
P02,B,sus,Q8,,,,,3,
P02,B,sus,Q9,,,,,3,
P02,B,sus,Q10,,,,,3,
P03,A,task,T1,3,1,43.8,6,,
P03,A,task,T2,1,1,38.6,10,,
P03,A,task,T3,4,1,32.2,13,,
P03,A,task,T4,2,1,11.9,10,,
P03,A,task,T5,5,0,28.4,8,,
P03,A,sus,Q1,,,,,3,
P03,A,sus,Q2,,,,,5,
P03,A,sus,Q3,,,,,4,
P03,A,sus,Q4,,,,,2,
P03,A,sus,Q5,,,,,4,
P03,A,sus,Q6,,,,,3,
P03,A,sus,Q7,,,,,4,
P03,A,sus,Q8,,,,,2,
P03,A,sus,Q9,,,,,5,
P03,A,sus,Q10,,,,,3,
P04,B,task,T1,1,1,31.1,11,,
P04,B,task,T2,3,1,22.8,4,,
P04,B,task,T3,2,1,48.3,11,,
P04,B,task,T4,4,1,34.7,7,,
P04,B,task,T5,5,1,49.1,7,,
P04,B,sus,Q1,,,,,3,
P04,B,sus,Q2,,,,,3,
P04,B,sus,Q3,,,,,5,
P04,B,sus,Q4,,,,,2,
P04,B,sus,Q5,,,,,3,
P04,B,sus,Q6,,,,,2,
P04,B,sus,Q7,,,,,3,
P04,B,sus,Q8,,,,,3,
P04,B,sus,Q9,,,,,5,
P04,B,sus,Q10,,,,,2,
P05,A,task,T1,3,1,21.3,9,,
P05,A,task,T2,5,1,28.3,11,,
P05,A,task,T3,4,1,36.5,6,,
P05,A,task,T4,2,1,51.9,9,,
P05,A,task,T5,1,0,44.1,5,,
P05,A,sus,Q1,,,,,2,
P05,A,sus,Q2,,,,,3,
P05,A,sus,Q3,,,,,2,
P05,A,sus,Q4,,,,,5,
P05,A,sus,Q5,,,,,2,
P05,A,sus,Q6,,,,,4,
P05,A,sus,Q7,,,,,3,
P05,A,sus,Q8,,,,,3,
P05,A,sus,Q9,,,,,2,
P05,A,sus,Q10,,,,,3,
P06,B,task,T1,1,1,23.0,5,,
P06,B,task,T2,5,1,41.7,12,,
P06,B,task,T3,3,1,35.9,6,,
P06,B,task,T4,2,0,29.3,8,,
P06,B,task,T5,4,1,26.4,12,,
P06,B,sus,Q1,,,,,5,
P06,B,sus,Q2,,,,,1,
P06,B,sus,Q3,,,,,5,
P06,B,sus,Q4,,,,,3,
P06,B,sus,Q5,,,,,5,
P06,B,sus,Q6,,,,,3,
P06,B,sus,Q7,,,,,5,
P06,B,sus,Q8,,,,,1,
P06,B,sus,Q9,,,,,4,
P06,B,sus,Q10,,,,,2,
P07,A,task,T1,4,0,47.2,13,,
P07,A,task,T2,5,0,53.7,10,,
P07,A,task,T3,1,1,19.5,4,,
P07,A,task,T4,2,1,34.5,14,,
P07,A,task,T5,3,1,43.7,7,,
P07,A,sus,Q1,,,,,1,
P07,A,sus,Q2,,,,,2,
P07,A,sus,Q3,,,,,2,
P07,A,sus,Q4,,,,,2,
P07,A,sus,Q5,,,,,3,
P07,A,sus,Q6,,,,,3,
P07,A,sus,Q7,,,,,3,
P07,A,sus,Q8,,,,,3,
P07,A,sus,Q9,,,,,2,
P07,A,sus,Q10,,,,,2,
P08,B,task,T1,4,1,40.5,11,,
P08,B,task,T2,1,0,30.9,4,,
P08,B,task,T3,5,1,33.1,7,,
P08,B,task,T4,2,1,44.8,3,,
P08,B,task,T5,3,1,31.8,6,,
P08,B,sus,Q1,,,,,5,
P08,B,sus,Q2,,,,,1,
P08,B,sus,Q3,,,,,5,
P08,B,sus,Q4,,,,,1,
P08,B,sus,Q5,,,,,4,
P08,B,sus,Q6,,,,,1,
P08,B,sus,Q7,,,,,5,
P08,B,sus,Q8,,,,,1,
P08,B,sus,Q9,,,,,4,
P08,B,sus,Q10,,,,,1,
P09,A,task,T1,2,1,29.5,4,,
P09,A,task,T2,3,1,47.5,4,,
P09,A,task,T3,4,0,47.3,5,,
P09,A,task,T4,5,1,47.3,11,,
P09,A,task,T5,1,1,41.8,14,,
P09,A,sus,Q1,,,,,3,
P09,A,sus,Q2,,,,,4,
P09,A,sus,Q3,,,,,3,
P09,A,sus,Q4,,,,,4,
P09,A,sus,Q5,,,,,5,
P09,A,sus,Q6,,,,,4,
P09,A,sus,Q7,,,,,3,
P09,A,sus,Q8,,,,,2,
P09,A,sus,Q9,,,,,3,
P09,A,sus,Q10,,,,,3,
P10,B,task,T1,1,1,19.0,10,,
P10,B,task,T2,3,0,26.2,9,,
P10,B,task,T3,2,1,17.9,6,,
P10,B,task,T4,4,1,27.1,9,,
P10,B,task,T5,5,1,32.7,5,,
P10,B,sus,Q1,,,,,5,
P10,B,sus,Q2,,,,,4,
P10,B,sus,Q3,,,,,2,
P10,B,sus,Q4,,,,,1,
P10,B,sus,Q5,,,,,3,
P10,B,sus,Q6,,,,,3,
P10,B,sus,Q7,,,,,3,
P10,B,sus,Q8,,,,,3,
P10,B,sus,Q9,,,,,4,
P10,B,sus,Q10,,,,,4,
P11,A,task,T1,1,1,23.4,12,,
P11,A,task,T2,3,1,31.0,5,,
P11,A,task,T3,4,0,25.2,9,,
P11,A,task,T4,5,0,22.6,5,,
P11,A,task,T5,2,1,34.3,8,,
P11,A,sus,Q1,,,,,4,
P11,A,sus,Q2,,,,,3,
P11,A,sus,Q3,,,,,3,
P11,A,sus,Q4,,,,,1,
P11,A,sus,Q5,,,,,4,
P11,A,sus,Q6,,,,,3,
P11,A,sus,Q7,,,,,4,
P11,A,sus,Q8,,,,,1,
P11,A,sus,Q9,,,,,5,
P11,A,sus,Q10,,,,,2,
P12,B,task,T1,3,1,18.5,9,,
P12,B,task,T2,2,0,26.1,11,,
P12,B,task,T3,1,1,38.5,4,,
P12,B,task,T4,5,0,21.6,5,,
P12,B,task,T5,4,1,31.0,12,,
P12,B,sus,Q1,,,,,4,
P12,B,sus,Q2,,,,,4,
P12,B,sus,Q3,,,,,3,
P12,B,sus,Q4,,,,,2,
P12,B,sus,Q5,,,,,3,
P12,B,sus,Q6,,,,,4,
P12,B,sus,Q7,,,,,4,
P12,B,sus,Q8,,,,,2,
P12,B,sus,Q9,,,,,4,
P12,B,sus,Q10,,,,,4,
P13,A,task,T1,2,1,30.5,12,,
P13,A,task,T2,5,0,33.2,8,,
P13,A,task,T3,4,1,28.8,13,,
P13,A,task,T4,1,1,21.6,8,,
P13,A,task,T5,3,1,43.1,10,,
P13,A,sus,Q1,,,,,2,
P13,A,sus,Q2,,,,,3,
P13,A,sus,Q3,,,,,4,
P13,A,sus,Q4,,,,,3,
P13,A,sus,Q5,,,,,4,
P13,A,sus,Q6,,,,,3,
P13,A,sus,Q7,,,,,2,
P13,A,sus,Q8,,,,,4,
P13,A,sus,Q9,,,,,2,
P13,A,sus,Q10,,,,,3,
P14,B,task,T1,5,1,15.8,6,,
P14,B,task,T2,1,1,44.1,4,,
P14,B,task,T3,2,0,25.8,7,,
P14,B,task,T4,4,1,34.3,5,,
P14,B,task,T5,3,1,39.8,3,,
P14,B,sus,Q1,,,,,5,
P14,B,sus,Q2,,,,,2,
P14,B,sus,Q3,,,,,5,
P14,B,sus,Q4,,,,,2,
P14,B,sus,Q5,,,,,3,
P14,B,sus,Q6,,,,,1,
P14,B,sus,Q7,,,,,5,
P14,B,sus,Q8,,,,,1,
P14,B,sus,Q9,,,,,5,
P14,B,sus,Q10,,,,,2,
P15,A,task,T1,3,1,35.7,13,,
P15,A,task,T2,1,1,49.3,11,,
P15,A,task,T3,4,1,36.5,8,,
P15,A,task,T4,2,1,52.4,10,,
P15,A,task,T5,5,0,59.5,5,,
P15,A,sus,Q1,,,,,4,
P15,A,sus,Q2,,,,,4,
P15,A,sus,Q3,,,,,3,
P15,A,sus,Q4,,,,,3,
P15,A,sus,Q5,,,,,2,
P15,A,sus,Q6,,,,,4,
P15,A,sus,Q7,,,,,3,
P15,A,sus,Q8,,,,,4,
P15,A,sus,Q9,,,,,1,
P15,A,sus,Q10,,,,,3,
P16,B,task,T1,3,1,39.2,5,,
P16,B,task,T2,1,1,27.6,8,,
P16,B,task,T3,5,0,24.9,10,,
P16,B,task,T4,2,1,51.4,8,,
P16,B,task,T5,4,1,51.0,12,,
P16,B,sus,Q1,,,,,3,
P16,B,sus,Q2,,,,,2,
P16,B,sus,Q3,,,,,4,
P16,B,sus,Q4,,,,,1,
P16,B,sus,Q5,,,,,4,
P16,B,sus,Q6,,,,,4,
P16,B,sus,Q7,,,,,4,
P16,B,sus,Q8,,,,,2,
P16,B,sus,Q9,,,,,2,
P16,B,sus,Q10,,,,,3,
P17,A,task,T1,3,1,32.9,12,,
P17,A,task,T2,4,1,41.0,9,,
P17,A,task,T3,1,0,49.3,5,,
P17,A,task,T4,5,1,36.7,5,,
P17,A,task,T5,2,1,47.0,13,,
P17,A,sus,Q1,,,,,4,
P17,A,sus,Q2,,,,,3,
P17,A,sus,Q3,,,,,2,
P17,A,sus,Q4,,,,,3,
P17,A,sus,Q5,,,,,4,
P17,A,sus,Q6,,,,,4,
P17,A,sus,Q7,,,,,4,
P17,A,sus,Q8,,,,,2,
P17,A,sus,Q9,,,,,2,
P17,A,sus,Q10,,,,,3,
P18,B,task,T1,4,1,39.1,3,,
P18,B,task,T2,2,1,37.9,9,,
P18,B,task,T3,3,1,24.4,12,,
P18,B,task,T4,1,1,28.7,7,,
P18,B,task,T5,5,0,42.4,10,,
P18,B,sus,Q1,,,,,4,
P18,B,sus,Q2,,,,,2,
P18,B,sus,Q3,,,,,3,
P18,B,sus,Q4,,,,,3,
P18,B,sus,Q5,,,,,4,
P18,B,sus,Q6,,,,,3,
P18,B,sus,Q7,,,,,4,
P18,B,sus,Q8,,,,,1,
P18,B,sus,Q9,,,,,4,
P18,B,sus,Q10,,,,,1,
P19,A,task,T1,4,1,61.0,4,,
P19,A,task,T2,1,1,62.5,13,,
P19,A,task,T3,3,1,50.8,9,,
P19,A,task,T4,2,1,54.1,9,,
P19,A,task,T5,5,0,48.8,13,,
P19,A,sus,Q1,,,,,3,
P19,A,sus,Q2,,,,,2,
P19,A,sus,Q3,,,,,3,
P19,A,sus,Q4,,,,,1,
P19,A,sus,Q5,,,,,5,
P19,A,sus,Q6,,,,,2,
P19,A,sus,Q7,,,,,4,
P19,A,sus,Q8,,,,,2,
P19,A,sus,Q9,,,,,4,
P19,A,sus,Q10,,,,,3,
P20,B,task,T1,3,1,25.5,10,,
P20,B,task,T2,1,1,33.7,10,,
P20,B,task,T3,4,1,26.6,10,,
P20,B,task,T4,2,1,23.9,10,,
P20,B,task,T5,5,0,40.8,7,,
P20,B,sus,Q1,,,,,3,
P20,B,sus,Q2,,,,,2,
P20,B,sus,Q3,,,,,2,
P20,B,sus,Q4,,,,,3,
P20,B,sus,Q5,,,,,4,
P20,B,sus,Q6,,,,,2,
P20,B,sus,Q7,,,,,4,
P20,B,sus,Q8,,,,,1,
P20,B,sus,Q9,,,,,4,
P20,B,sus,Q10,,,,,2,
P21,A,task,T1,2,1,50.4,6,,
P21,A,task,T2,4,1,52.0,4,,
P21,A,task,T3,3,1,36.1,4,,
P21,A,task,T4,1,1,47.0,4,,
P21,A,task,T5,5,0,40.9,7,,
P21,A,sus,Q1,,,,,4,
P21,A,sus,Q2,,,,,2,
P21,A,sus,Q3,,,,,4,
P21,A,sus,Q4,,,,,2,
P21,A,sus,Q5,,,,,4,
P21,A,sus,Q6,,,,,1,
P21,A,sus,Q7,,,,,5,
P21,A,sus,Q8,,,,,4,
P21,A,sus,Q9,,,,,3,
P21,A,sus,Q10,,,,,3,
P22,B,task,T1,4,0,38.8,8,,
P22,B,task,T2,3,0,48.6,12,,
P22,B,task,T3,2,1,44.8,4,,
P22,B,task,T4,1,1,41.1,3,,
P22,B,task,T5,5,1,38.0,6,,
P22,B,sus,Q1,,,,,4,
P22,B,sus,Q2,,,,,3,
P22,B,sus,Q3,,,,,5,
P22,B,sus,Q4,,,,,1,
P22,B,sus,Q5,,,,,3,
P22,B,sus,Q6,,,,,1,
P22,B,sus,Q7,,,,,5,
P22,B,sus,Q8,,,,,2,
P22,B,sus,Q9,,,,,5,
P22,B,sus,Q10,,,,,1,
P23,A,task,T1,1,1,16.1,10,,
P23,A,task,T2,3,1,26.9,10,,
P23,A,task,T3,5,0,33.3,9,,
P23,A,task,T4,2,0,17.6,11,,
P23,A,task,T5,4,1,29.5,8,,
P23,A,sus,Q1,,,,,4,
P23,A,sus,Q2,,,,,3,
P23,A,sus,Q3,,,,,2,
P23,A,sus,Q4,,,,,3,
P23,A,sus,Q5,,,,,1,
P23,A,sus,Q6,,,,,4,
P23,A,sus,Q7,,,,,1,
P23,A,sus,Q8,,,,,3,
P23,A,sus,Q9,,,,,3,
P23,A,sus,Q10,,,,,3,
P24,B,task,T1,1,1,28.6,8,,
P24,B,task,T2,5,1,41.8,4,,
P24,B,task,T3,2,1,41.3,7,,
P24,B,task,T4,4,1,44.1,6,,
P24,B,task,T5,3,1,43.6,5,,
P24,B,sus,Q1,,,,,3,
P24,B,sus,Q2,,,,,3,
P24,B,sus,Q3,,,,,3,
P24,B,sus,Q4,,,,,3,
P24,B,sus,Q5,,,,,3,
P24,B,sus,Q6,,,,,2,
P24,B,sus,Q7,,,,,4,
P24,B,sus,Q8,,,,,4,
P24,B,sus,Q9,,,,,1,
P24,B,sus,Q10,,,,,3,
